Surveyor,Year,Stream,Reach,Date,Gradient,Total redds,Visible redds,Correct redds,Omitted redds,False ID,Total Features,Omit%,FalseID%,Redds%,ExpSpTotal,ExpSthd,ExpReach,Precip,Reach Length (m),MeanWidth,MeanDepth,MeanDis,MeanDis%,MeanWind,MeanMaxDepth,MeanMaxDis,Standard Vis,MeanTemp,MeanLuxAir,MeanLuxWater,Sand,Gravel,Cobble,Boulder,Bedrock,LWDtotal,LWDIndex,LogJamSm,LogJamLg,TotalLogJam,LogJamIndex,GravelBarSm,GravelBarMed,GravelBarLg,TotalGravelBar,GravelBarIndex,GravelBarArea,GravelBarAreaIndex,IslandSm,IslandMed,IslandLg,TotalIsland,IslandIndex,IslandArea,IslandAreaIndex,ChannelComplex,ChannelComplexIndex,ChannelComplexityAreaIndex,OverheadVeg,OverheadLWD,OverheadWW,OverheadOther,Density,Naïve Density ,Independent density,Effort,standard effort,ReachThalwegCV,MeanThalwegCV
I,2010,ICICLE,I1,4/14/10,0.00142,114,48,26,22,5,31,0.4583,0.1613,0.5417,9.3,5.3,1.0,0,4948.1,33.1,71.5,265,1,1.3,375,30,0.906344411,9,20000,20000,0.254,0.585,0.15,0.01,0.001,33,6.669,0,0,0,0.000,12,10,2,24,4.850,1350,0.008242664,1,2,0,3,0.606,175,0.001068493,27,5.457,0.0093,0.081,0.027,0,0,0.000696,0.0001587,0.0001893,,,65.43579,55.14991
N,2010,ICICLE,I1,4/14/10,0.00142,114,48,17,31,5,22,0.6458,0.2273,0.3542,17.7,1.7,0.1,0,4948.1,33.1,71.5,265,1,1.3,375,30,0.906344411,9,20000,20000,0.254,0.585,0.15,0.01,0.001,33,6.669,0,0,0,0.000,12,10,2,24,4.850,1350,0.008242664,1,2,0,3,0.606,175,0.001068493,27,5.457,0.0093,0.081,0.027,0,0,0.000696,0.0001037,0.0001343,,,65.43579,55.14991
B,2010,ICICLE,I1,4/14/10,0.00142,114,48,26,22,5,31,0.4583,0.1613,0.5417,55.0,13.8,2.0,0,4948.1,33.1,71.5,265,1,1.3,375,30,0.906344411,9,20000,20000,0.254,0.585,0.15,0.01,0.001,33,6.669,0,0,0,0.000,12,10,2,24,4.850,1350,0.008242664,1,2,0,3,0.606,175,0.001068493,27,5.457,0.0093,0.081,0.027,0,0,0.000696,0.0001587,0.0001893,,,65.43579,55.14991
A,2010,ICICLE,I1,4/14/10,0.00142,114,48,28,20,13,41,0.4167,0.3171,0.5833,46.7,16.7,0.1,0,4948.1,33.1,71.5,265,1,1.3,375,30,0.906344411,9,20000,20000,0.254,0.585,0.15,0.01,0.001,33,6.669,0,0,0,0.000,12,10,2,24,4.850,1350,0.008242664,1,2,0,3,0.606,175,0.001068493,27,5.457,0.0093,0.081,0.027,0,0,0.000696,0.0001709,0.0002503,,,65.43579,55.14991
C,2010,ICICLE,I1,4/15/10,0.00142,114,48,24,24,5,29,0.5000,0.1724,0.5000,25.9,3.4,0.0,0.005,4948.1,33.1,71.5,265,1,1.3,375,30,0.906344411,9,20000,20000,0.254,0.585,0.15,0.01,0.001,33,6.669,0,0,0,0.000,12,10,2,24,4.850,1350,0.008242664,1,2,0,3,0.606,175,0.001068493,27,5.457,0.0093,0.081,0.027,0,0,0.000696,0.0001465,0.0001771,,,65.43579,55.14991
M,2010,ICICLE,I1,4/15/10,0.00142,114,48,36,12,3,39,0.2500,0.0769,0.7500,49.5,33.5,3.0,0.005,4948.1,33.1,71.5,265,1,1.3,375,30,0.906344411,9,20000,20000,0.254,0.585,0.15,0.01,0.001,33,6.669,0,0,0,0.000,12,10,2,24,4.850,1350,0.008242664,1,2,0,3,0.606,175,0.001068493,27,5.457,0.0093,0.081,0.027,0,0,0.000696,0.0002198,0.0002381,,,65.43579,55.14991
K,2010,ICICLE,I1,4/15/10,0.00142,114,48,26,22,14,40,0.4583,0.3500,0.5417,8.0,4.0,0.0,0.005,4948.1,33.1,71.5,265,1,1.3,375,30,0.906344411,9,20000,20000,0.254,0.585,0.15,0.01,0.001,33,6.669,0,0,0,0.000,12,10,2,24,4.850,1350,0.008242664,1,2,0,3,0.606,175,0.001068493,27,5.457,0.0093,0.081,0.027,0,0,0.000696,0.0001587,0.0002442,,,65.43579,55.14991
Q,2010,ICICLE,I1,4/15/10,0.00142,114,48,17,31,4,21,0.6458,0.1905,0.3542,1.5,0.0,0.0,0.005,4948.1,33.1,71.5,265,1,1.3,375,30,0.906344411,9,20000,20000,0.254,0.585,0.15,0.01,0.001,33,6.669,0,0,0,0.000,12,10,2,24,4.850,1350,0.008242664,1,2,0,3,0.606,175,0.001068493,27,5.457,0.0093,0.081,0.027,0,0,0.000696,0.0001037,0.0001282,,,65.43579,55.14991
D,2010,ICICLE,I1,4/15/10,0.00142,114,48,27,21,14,41,0.4490,0.3250,0.5510,34.0,15.1,1.2,0.005,4948.1,33.1,71.5,265,1,1.3,375,30,0.906344411,9,20000,20000,0.254,0.585,0.15,0.01,0.001,33,6.669,0,0,0,0.000,12,10,2,24,4.850,1350,0.008242664,1,2,0,3,0.606,175,0.001068493,27,5.457,0.0093,0.081,0.027,0,0,0.000696,0.0001648,0.0002503,,,65.43579,55.14991
J,2010,ICICLE,I1,4/15/10,0.00142,114,48,12,36,4,16,0.7500,0.2500,0.2500,5.5,4.6,0.0,0.005,4948.1,33.1,71.5,265,1,1.3,375,30,0.906344411,9,20000,20000,0.254,0.585,0.15,0.01,0.001,33,6.669,0,0,0,0.000,12,10,2,24,4.850,1350,0.008242664,1,2,0,3,0.606,175,0.001068493,27,5.457,0.0093,0.081,0.027,0,0,0.000696,0.0000732,0.0000977,,,65.43579,55.14991
C,2011,ICICLE,I1,4/14/11,0.00142,175,77,55,22,5,60,0.2857,0.0833,0.7143,32.6,7.8,0.1,0.06,4948.1,34,73.3,545,2.056603774,0,420,21,0.617647059,5,20000,20000,0.15,0.5,0.35,0,0,98,19.806,0,1,1,0.202101859,9,5,7,21,4.244,1650,0.009807884,3,2,0,5,1.011,225,0.001337439,27,5.457,0.0111,0.042,0.009,0.007,0,0.00104023,0.000457701,0.0003567,210,0.042440533,65.43579,55.14991
K,2011,ICICLE,I1,4/14/11,0.00142,175,75,60,15,3,63,0.2,0.0476,0.8,14.5,8.5,0.1,0.06,4948.1,34,73.3,545,2.056603774,0,420,21,0.617647059,5,20000,20000,0.15,0.5,0.35,0,0,98,19.806,0,1,1,0.202101859,9,5,7,21,4.244,1650,0.009807884,3,2,0,5,1.011,225,0.001337439,27,5.457,0.0111,0.042,0.009,0.007,0,0.00104023,0.000445813,0.0003745,212,0.042844728,65.43579,55.14991
D,2011,ICICLE,I1,4/17/11,0.00142,175,96,56,40,4,60,0.4167,0.0667,0.5833,36.5,17.6,1.3,0,4948.1,34,73.3,525,1.981132075,1.4,385,17,0.5,5.5,20000,20000,0.15,0.5,0.35,0,0,98,19.806,0,1,1,0.202101859,9,5,7,21,4.244,1650,0.009807884,3,2,0,5,1.011,225,0.001337439,27,5.457,0.0111,0.042,0.009,0.007,0,0.00104023,0.000570641,0.0003567,181,0.036579697,65.43579,55.14991
I,2011,ICICLE,I1,4/17/11,0.00142,175,95,51,44,9,60,0.4632,0.15,0.5368,11.7,5.7,1.1,0,4948.1,34,73.3,525,1.981132075,1.4,385,17,0.5,5.5,20000,20000,0.15,0.5,0.35,0,0,98,19.806,0,1,1,0.202101859,9,5,7,21,4.244,1650,0.009807884,3,2,0,5,1.011,225,0.001337439,27,5.457,0.0111,0.042,0.009,0.007,0,0.00104023,0.000564696,0.0003567,161,0.032537742,65.43579,55.14991
N,2011,ICICLE,I1,4/20/11,0.00142,175,110,22,88,1,23,0.8,0.0435,0.2,22.2,4.0,0.2,0,4948.1,34,73.3,452,1.705660377,0,385,16,0.470588235,4.5,20000,20000,0.15,0.5,0.35,0,0,98,19.806,0,1,1,0.202101859,9,5,7,21,4.244,1650,0.009807884,3,2,0,5,1.011,225,0.001337439,27,5.457,0.0111,0.042,0.009,0.007,0,0.00104023,0.000653859,0.0001367,115,0.023241244,65.43579,55.14991
R,2011,ICICLE,I1,4/20/11,0.00142,175,109,50,59,12,62,0.5413,0.1935,0.4587,14.6,0.1,0.0,0,4948.1,34,73.3,452,1.705660377,0,385,16,0.470588235,4.5,20000,20000,0.15,0.5,0.35,0,0,98,19.806,0,1,1,0.202101859,9,5,7,21,4.244,1650,0.009807884,3,2,0,5,1.011,225,0.001337439,27,5.457,0.0111,0.042,0.009,0.007,0,0.00104023,0.000647915,0.0003685,180,0.036377599,65.43579,55.14991
B,2011,ICICLE,I1,4/26/11,0.00142,175,95,65,30,4,69,0.3158,0.058,0.6842,56.4,14.2,2.1,0.1,4948.1,34,73.3,386,1.456603774,2,390,19,0.558823529,5.8,20000,20000,0.15,0.5,0.35,0,0,98,19.806,0,1,1,0.202101859,9,5,7,21,4.244,1650,0.009807884,3,2,0,5,1.011,225,0.001337439,27,5.457,0.0111,0.042,0.009,0.007,0,0.00104023,0.000564696,0.0004101,255,0.051534933,65.43579,55.14991
G,2011,ICICLE,I1,4/29/11,0.00142,175,77,24,53,5,29,0.6883,0.1724,0.3117,27.6,1.6,0.0,0.01,4948.1,34,73.3,360,1.358490566,3.4,415,18,0.529411765,6,20000,20000,0.15,0.5,0.35,0,0,98,19.806,0,1,1,0.202101859,9,5,7,21,4.244,1650,0.009807884,3,2,0,5,1.011,225,0.001337439,27,5.457,0.0111,0.042,0.009,0.007,0,0.00104023,0.000457701,0.0001724,120,0.024251733,65.43579,55.14991
S,2011,ICICLE,I1,4/29/11,0.00142,175,83,39,44,14,53,0.5301,0.2642,0.4699,3.1,2.1,0.0,0.01,4948.1,34,73.3,360,1.358490566,3.4,415,18,0.529411765,6,20000,20000,0.15,0.5,0.35,0,0,98,19.806,0,1,1,0.202101859,9,5,7,21,4.244,1650,0.009807884,3,2,0,5,1.011,225,0.001337439,27,5.457,0.0111,0.042,0.009,0.007,0,0.00104023,0.000493366,0.0003150,180,0.036377599,65.43579,55.14991
A,2011,ICICLE,I1,4/26/11,0.00142,175,93,36,57,2,38,0.6129,0.0526,0.3871,48.3,17.3,0.2,0.1,4948.1,34,73.3,386,1.456603774,2,390,19,0.558823529,5.8,20000,20000,0.15,0.5,0.35,0,0,98,19.806,0,1,1,0.202101859,9,5,7,21,4.244,1650,0.009807884,3,2,0,5,1.011,225,0.001337439,27,5.457,0.0111,0.042,0.009,0.007,0,0.00104023,0.000552808,0.0002259,236,0.047695075,65.43579,55.14991
I,2012,ICICLE,I1,4/18/12,0.00142,43,19,9,10,1,10,0.526,0.1,0.474,12.4,6.1,1.1,,4948.1,30.4,78.2,455,14.96710526,0,,15.5,0.509868421,5.5,19075,14760,0.340,0.2500,0.385,0.025,0,69,13.94474647,0.0000000,0,0,0,19,4,0,23,4.648248823,1250,0.008309941,5,2,0,7,1.414684424,275,0.001828187,30,6.062933247,0.010138129,0.045,0,0,0.001,0.008690204,0.003839858,0.002020978,120,0.024251733,40.38298,38.98822
M,2012,ICICLE,I1,5/7/12,0.00142,43,22,10,12,5,15,0.545,0.3333,0.455,53.6,37.1,4.1,,4948.1,30.4,78.2,943,31.01973684,0.1,,15,0.493421053,6.5,20000,20000,0.340,0.2500,0.385,0.025,0,69,13.94474647,0.0000000,0,0,0,19,4,0,23,4.648248823,1250,0.008309941,5,2,0,7,1.414684424,275,0.001828187,30,6.062933247,0.010138129,0.045,0,0,0.001,0.008690204,0.004446151,0.003031467,130,0.026272711,40.38298,38.98822
R,2012,ICICLE,I1,5/10/12,0.00142,43,25,8,17,2,10,0.68,0.2,0.32,15.1,0.5,0.1,,4948.1,30.4,78.2,1360,44.73684211,2.8,,14.5,0.476973684,6,20000,20000,0.340,0.2500,0.385,0.025,0,69,13.94474647,0.0000000,0,0,0,19,4,0,23,4.648248823,1250,0.008309941,5,2,0,7,1.414684424,275,0.001828187,30,6.062933247,0.010138129,0.045,0,0,0.001,0.008690204,0.005052444,0.002020978,80,0.016167822,40.38298,38.98822
E,2012,ICICLE,I1,5/13/12,0.00142,43,23,2,21,1,3,0.923,0.3333,0.087,19.2,2.2,1,,4948.1,30.4,78.2,1375,45.23026316,0.05,,12.5,0.411184211,7.25,20000,20000,0.340,0.2500,0.385,0.025,0,69,13.94474647,0.0000000,0,0,0,19,4,0,23,4.648248823,1250,0.008309941,5,2,0,7,1.414684424,275,0.001828187,30,6.062933247,0.010138129,0.045,0,0,0.001,0.008690204,0.004648249,0.000606293,170,0.034356622,40.38298,38.98822
A,2010,NASON,N3,4/28/10,0.00339,88,43,23,20,1,24,0.4651,0.0417,0.5349,46.7,16.7,0.4,0,6538,18.9,62.3,650,34.39153439,2.5,200,18,0.952380952,6.3,20000,20000,0.115,0.625,0.24,0.02,0,57,10.071,1,1,2,0.353,8,16,1,25,4.417,1550,0.014489502,3,2,1,6,1.060,375,0.003505525,33,5.830,0.0180,0.019,0.001,0,0,0.0014396,0.000215,0.0002244,,,50.89663,48.56728
I,2010,NASON,N3,4/28/10,0.00339,88,43,21,22,0,21,0.5116,0.0000,0.4884,9.3,5.3,1.0,0,6538,18.9,62.3,650,34.39153439,2.5,200,18,0.952380952,6.3,20000,20000,0.115,0.625,0.24,0.02,0,57,10.071,1,1,2,0.353,8,16,1,25,4.417,1550,0.014489502,3,2,1,6,1.060,375,0.003505525,33,5.830,0.0180,0.019,0.001,0,0,0.0014396,0.0001963,0.0001963,,,50.89663,48.56728
R,2010,NASON,N3,4/28/10,0.00339,88,43,22,21,1,23,0.4884,0.0435,0.5116,14.5,0.0,0.0,0,6538,18.9,62.3,650,34.39153439,2.5,200,18,0.952380952,6.3,20000,20000,0.115,0.625,0.24,0.02,0,57,10.071,1,1,2,0.353,8,16,1,25,4.417,1550,0.014489502,3,2,1,6,1.060,375,0.003505525,33,5.830,0.0180,0.019,0.001,0,0,0.0014396,0.0002056,0.0002150,,,50.89663,48.56728
G,2010,NASON,N3,4/28/10,0.00339,88,43,19,24,3,22,0.5581,0.1364,0.4419,26.3,1.3,0.1,0,6538,18.9,62.3,650,34.39153439,2.5,200,18,0.952380952,6.3,20000,20000,0.115,0.625,0.24,0.02,0,57,10.071,1,1,2,0.353,8,16,1,25,4.417,1550,0.014489502,3,2,1,6,1.060,375,0.003505525,33,5.830,0.0180,0.019,0.001,0,0,0.0014396,0.0001776,0.0002057,,,50.89663,48.56728
H,2010,NASON,N3,4/28/10,0.00339,88,43,17,26,5,22,0.6047,0.2273,0.3953,29.4,3.6,0.0,0,6538,18.9,62.3,650,34.39153439,2.5,200,18,0.952380952,6.3,20000,20000,0.115,0.625,0.24,0.02,0,57,10.071,1,1,2,0.353,8,16,1,25,4.417,1550,0.014489502,3,2,1,6,1.060,375,0.003505525,33,5.830,0.0180,0.019,0.001,0,0,0.0014396,0.0001589,0.0002057,,,50.89663,48.56728
D,2010,NASON,N3,5/6/10,0.00339,88,64,54,10,14,68,0.1563,0.2059,0.8438,34.0,15.1,0.3,0,6538,18.9,62.3,351,18.57142857,2.1,200,27,1.428571429,7.5,20000,20000,0.115,0.625,0.24,0.02,0,57,10.071,1,1,2,0.353,8,16,1,25,4.417,1550,0.014489502,3,2,1,6,1.060,375,0.003505525,33,5.830,0.0180,0.019,0.001,0,0,0.0014396,0.0005047,0.0006357,,,50.89663,48.56728
S,2010,NASON,N3,5/6/10,0.00339,88,63,39,24,19,58,0.3810,0.3276,0.6190,1.0,0.0,0.0,0,6538,18.9,62.3,351,18.57142857,2.1,200,27,1.428571429,7.5,20000,20000,0.115,0.625,0.24,0.02,0,57,10.071,1,1,2,0.353,8,16,1,25,4.417,1550,0.014489502,3,2,1,6,1.060,375,0.003505525,33,5.830,0.0180,0.019,0.001,0,0,0.0014396,0.0003645,0.0005422,,,50.89663,48.56728
F,2010,NASON,N3,5/6/10,0.00339,88,63,48,15,14,62,0.2381,0.2258,0.7619,2.0,0.0,0.0,0,6538,18.9,62.3,351,18.57142857,2.1,200,27,1.428571429,7.5,20000,20000,0.115,0.625,0.24,0.02,0,57,10.071,1,1,2,0.353,8,16,1,25,4.417,1550,0.014489502,3,2,1,6,1.060,375,0.003505525,33,5.830,0.0180,0.019,0.001,0,0,0.0014396,0.0004487,0.0005796,,,50.89663,48.56728
E,2010,NASON,N3,5/6/10,0.00339,88,65,54,11,13,67,0.1692,0.1940,0.8308,15.0,0.0,0.0,0,6538,18.9,62.3,351,18.57142857,2.1,200,27,1.428571429,7.5,20000,20000,0.115,0.625,0.24,0.02,0,57,10.071,1,1,2,0.353,8,16,1,25,4.417,1550,0.014489502,3,2,1,6,1.060,375,0.003505525,33,5.830,0.0180,0.019,0.001,0,0,0.0014396,0.0005047,0.0006263,,,50.89663,48.56728
C,2010,NASON,N3,5/6/10,0.00339,88,64,44,20,0,44,0.3125,0.0000,0.6875,25.9,3.4,1.0,0,6538,18.9,62.3,351,18.57142857,2.1,200,27,1.428571429,7.5,20000,20000,0.115,0.625,0.24,0.02,0,57,10.071,1,1,2,0.353,8,16,1,25,4.417,1550,0.014489502,3,2,1,6,1.060,375,0.003505525,33,5.830,0.0180,0.019,0.001,0,0,0.0014396,0.0004113,0.0004113,,,50.89663,48.56728
B,2011,NASON,N3,4/24/11,0.00339,127,38,33,5,7,40,0.1316,0.175,0.8684,56.4,14.2,0.8,0,6538,17.8,54.1,322,18.08988764,0.8,190,13,0.730337079,5,15785,12605,0.145,0.473,0.291,0.091,0,117,17.89538085,1,3,4,0.611807892,12,5,7,24,3.670847354,1725,0.015242286,7,6,1,14,2.141327623,775,0.006841938,41,6.271,0.022,0.101,0.051,0,0.002,0.001122186,0.000335772,0.0003534,210,0.032119914,50.89663,48.56728
N,2011,NASON,N3,4/24/11,0.00339,127,37,30,7,14,44,0.1892,0.3182,0.8108,22.2,4.0,0.0,0,6538,17.8,54.1,322,18.08988764,0.8,190,13,0.730337079,5,15785,12605,0.145,0.473,0.291,0.091,0,117,17.89538085,1,3,4,0.611807892,12,5,7,24,3.670847354,1725,0.015242286,7,6,1,14,2.141327623,775,0.006841938,41,6.271,0.022,0.101,0.051,0,0.002,0.001122186,0.000326936,0.0003888,150,0.022942796,50.89663,48.56728
I,2011,NASON,N3,4/27/11,0.00339,127,48,43,5,34,77,0.1042,0.4416,0.8958,11.7,5.7,1.1,0,6538,17.8,54.1,345,19.38202247,0.75,195,15,0.842696629,5.5,19700,12495,0.145,0.473,0.291,0.091,0,117,17.89538085,1,3,4,0.611807892,12,5,7,24,3.670847354,1725,0.015242286,7,6,1,14,2.141327623,775,0.006841938,41,6.271,0.022,0.101,0.051,0,0.002,0.001122186,0.000424133,0.0006804,180,0.027531355,50.89663,48.56728
R,2011,NASON,N3,4/27/11,0.00339,127,49,42,7,17,59,0.1429,0.2881,0.8571,14.6,0.1,0.1,0,6538,17.8,54.1,345,19.38202247,0.75,195,15,0.842696629,5.5,19700,12495,0.145,0.473,0.291,0.091,0,117,17.89538085,1,3,4,0.611807892,12,5,7,24,3.670847354,1725,0.015242286,7,6,1,14,2.141327623,775,0.006841938,41,6.271,0.022,0.101,0.051,0,0.002,0.001122186,0.000432969,0.0005213,135,0.020648516,50.89663,48.56728
V,2011,NASON,N3,5/3/11,0.00339,127,71,35,36,2,37,0.507,0.0541,0.493,2.0,0.0,0.0,0.02,6538,17.8,54.1,357,20.05617978,2.7,220,11,0.617977528,6.5,20000,20000,0.145,0.473,0.291,0.091,0,117,17.89538085,1,3,4,0.611807892,12,5,7,24,3.670847354,1725,0.015242286,7,6,1,14,2.141327623,775,0.006841938,41,6.271,0.022,0.101,0.051,0,0.002,0.001122186,0.000627364,0.0003269,270,0.041297033,50.89663,48.56728
A,2011,NASON,N3,5/3/11,0.00339,127,73,50,23,5,55,0.3151,0.0909,0.6849,48.3,17.3,0.5,0.02,6538,17.8,54.1,357,20.05617978,2.7,220,11,0.617977528,6.5,20000,20000,0.145,0.473,0.291,0.091,0,117,17.89538085,1,3,4,0.611807892,12,5,7,24,3.670847354,1725,0.015242286,7,6,1,14,2.141327623,775,0.006841938,41,6.271,0.022,0.101,0.051,0,0.002,0.001122186,0.000645036,0.0004860,230,0.035178954,50.89663,48.56728
C,2011,NASON,N3,5/2/11,0.00339,127,69,46,23,4,50,0.3333,0.08,0.6667,32.6,7.8,1.1,0,6538,17.8,54.1,316,17.75280899,0.6,220,7.5,0.421348315,5.75,10855,5535,0.145,0.473,0.291,0.091,0,117,17.89538085,1,3,4,0.611807892,12,5,7,24,3.670847354,1725,0.015242286,7,6,1,14,2.141327623,775,0.006841938,41,6.271,0.022,0.101,0.051,0,0.002,0.001122186,0.000609691,0.0004418,155,0.023707556,50.89663,48.56728
M,2011,NASON,N3,5/5/11,0.00339,127,88,71,17,11,82,0.1932,0.1341,0.8068,50.9,34.8,0.1,0,6538,17.8,54.1,403,22.64044944,3.65,195,12,0.674157303,6.5,15410,14725,0.145,0.473,0.291,0.091,0,117,17.89538085,1,3,4,0.611807892,12,5,7,24,3.670847354,1725,0.015242286,7,6,1,14,2.141327623,775,0.006841938,41,6.271,0.022,0.101,0.051,0,0.002,0.001122186,0.000777577,0.0007246,210,0.032119914,50.89663,48.56728
U,2011,NASON,N3,5/8/11,0.00339,127,104,73,31,18,91,0.2981,0.1978,0.7019,5.0,0.0,0.0,0,6538,17.8,54.1,503,28.25842697,1.1,230,14.5,0.814606742,6,20000,20000,0.145,0.473,0.291,0.091,0,117,17.89538085,1,3,4,0.611807892,12,5,7,24,3.670847354,1725,0.015242286,7,6,1,14,2.141327623,775,0.006841938,41,6.271,0.022,0.101,0.051,0,0.002,0.001122186,0.000918955,0.0008041,195,0.029825635,50.89663,48.56728
G,2011,NASON,N3,5/8/11,0.00339,127,100,67,33,17,84,0.33,0.2024,0.67,27.6,1.6,0.2,0,6538,17.8,54.1,503,28.25842697,1.1,230,14.5,0.814606742,6,20000,20000,0.145,0.473,0.291,0.091,0,117,17.89538085,1,3,4,0.611807892,12,5,7,24,3.670847354,1725,0.015242286,7,6,1,14,2.141327623,775,0.006841938,41,6.271,0.022,0.101,0.051,0,0.002,0.001122186,0.000883611,0.0007422,197,0.030131539,50.89663,48.56728
H,2012,NASON,N3,4/19/12,0.00339,100,16,11,5,3,14,0.313,0.214,0.688,30.4,4.1,0.1,,6538,17.1,58,432.5,25.29239766,0.3,,9.5,0.555555556,4.5,16845,13950,0.182,0.3,0.433,0.095,0,166,25.39002753,0,2,2,0.305903946,22,8,8,38,5.812174977,2350,0.021019716,2,4,1,7,1.070663812,500,0.00447228,47,7.188742735,0.025491996,0.063,0.034,0.031,0.002,0.015295197,0.002447232,0.002141328,125,0.019118997,47.32179,44.70881
I,2012,NASON,N3,5/8/12,0.00339,100,71,34,37,7,41,0.521,0.171,0.479,12.4,6.1,1.1,,6538,17.1,58,1000,58.47953216,1.5,,10.5,0.614035088,6.25,20000,20000,0.182,0.3,0.433,0.095,0,166,25.39002753,0,2,2,0.305903946,22,8,8,38,5.812174977,2350,0.021019716,2,4,1,7,1.070663812,500,0.00447228,47,7.188742735,0.025491996,0.063,0.034,0.031,0.002,0.015295197,0.01085959,0.006271031,120,0.018354237,47.32179,44.70881
A,2012,NASON,N3,5/11/12,0.00339,100,75,49,26,8,57,0.347,0.14,0.653,49.7,17.7,0.3,,6538,17.1,58,1075,62.86549708,0.5,,11,0.643274854,5.5,20000,20000,0.182,0.3,0.433,0.095,0,166,25.39002753,0,2,2,0.305903946,22,8,8,38,5.812174977,2350,0.021019716,2,4,1,7,1.070663812,500,0.00447228,47,7.188742735,0.025491996,0.063,0.034,0.031,0.002,0.015295197,0.011471398,0.008718262,230,0.035178954,47.32179,44.70881
N,2012,NASON,N3,5/12/12,0.00339,100,83,57,26,10,67,0.313,0.149,0.687,30,5.3,0.4,,6538,17.1,58,1065,62.28070175,0.3,,10,0.584795322,5,20000,20000,0.182,0.3,0.433,0.095,0,166,25.39002753,0,2,2,0.305903946,22,8,8,38,5.812174977,2350,0.021019716,2,4,1,7,1.070663812,500,0.00447228,47,7.188742735,0.025491996,0.063,0.034,0.031,0.002,0.015295197,0.012695014,0.010247782,210,0.032119914,47.32179,44.70881
M,2010,PES,P1,4/17/10,0.02502,63,33,22,11,1,23,0.3333,0.0435,0.6667,49.5,33.5,2.0,0,5921.58,15.5,55.2,241.5,15.58064516,0,110,27.5,1.774193548,7.3,19300,15300,0.022,0.115,0.353,0.51,0,50,8.443,0,0,0,0.000,6,6,1,13,2.195,750,0.008171359,4,3,7,14,2.364,1375,0.014980825,27,4.559,0.0232,0.069,0.001,0.13,0.003,0.0006863,0.0002396,0.0002506,,,29.59876,22.72461
A,2010,PES,P1,4/17/10,0.02502,63,33,24,9,2,26,0.2727,0.0769,0.7273,46.7,16.7,4.3,0,5921.58,15.5,55.2,241.5,15.58064516,0,110,27.5,1.774193548,7.3,19300,15300,0.022,0.115,0.353,0.51,0,50,8.443,0,0,0,0.000,6,6,1,13,2.195,750,0.008171359,4,3,7,14,2.364,1375,0.014980825,27,4.559,0.0232,0.069,0.001,0.13,0.003,0.0006863,0.0002614,0.0002833,,,29.59876,22.72461
O,2010,PES,P1,4/17/10,0.02502,63,33,15,18,0,15,0.5455,0.0000,0.4545,19.1,19.1,0.3,0,5921.58,15.5,55.2,241.5,15.58064516,0,110,27.5,1.774193548,7.3,19300,15300,0.022,0.115,0.353,0.51,0,50,8.443,0,0,0,0.000,6,6,1,13,2.195,750,0.008171359,4,3,7,14,2.364,1375,0.014980825,27,4.559,0.0232,0.069,0.001,0.13,0.003,0.0006863,0.0001634,0.0001634,,,29.59876,22.72461
C,2010,PES,P1,4/17/10,0.02502,63,35,20,15,0,20,0.4286,0.0000,0.5714,25.9,3.4,0.0,0,5921.58,15.5,55.2,241.5,15.58064516,0,110,27.5,1.774193548,7.3,19300,15300,0.022,0.115,0.353,0.51,0,50,8.443,0,0,0,0.000,6,6,1,13,2.195,750,0.008171359,4,3,7,14,2.364,1375,0.014980825,27,4.559,0.0232,0.069,0.001,0.13,0.003,0.0006863,0.0002179,0.0002179,,,29.59876,22.72461
G,2010,PES,P1,4/18/10,0.02502,63,33,16,17,4,20,0.5152,0.2000,0.4848,26.3,1.3,0.0,0,5921.58,15.5,55.2,320,20.64516129,1.8,152,6.1,0.393548387,7,20000,17115,0.022,0.115,0.353,0.51,0,50,8.443,0,0,0,0.000,6,6,1,13,2.195,750,0.008171359,4,3,7,14,2.364,1375,0.014980825,27,4.559,0.0232,0.069,0.001,0.13,0.003,0.0006863,0.0001743,0.0002179,,,29.59876,22.72461
B,2010,PES,P1,4/18/10,0.02502,63,33,13,20,1,14,0.6061,0.0714,0.3939,55.0,13.8,2.8,0,5921.58,15.5,55.2,320,20.64516129,1.8,152,6.1,0.393548387,7,20000,17115,0.022,0.115,0.353,0.51,0,50,8.443,0,0,0,0.000,6,6,1,13,2.195,750,0.008171359,4,3,7,14,2.364,1375,0.014980825,27,4.559,0.0232,0.069,0.001,0.13,0.003,0.0006863,0.0001416,0.0001525,,,29.59876,22.72461
I,2010,PES,P1,4/18/10,0.02502,63,33,15,18,6,21,0.5455,0.2857,0.4545,9.3,5.3,0.0,0,5921.58,15.5,55.2,320,20.64516129,1.8,152,6.1,0.393548387,7,20000,17115,0.022,0.115,0.353,0.51,0,50,8.443,0,0,0,0.000,6,6,1,13,2.195,750,0.008171359,4,3,7,14,2.364,1375,0.014980825,27,4.559,0.0232,0.069,0.001,0.13,0.003,0.0006863,0.0001634,0.0002288,,,29.59876,22.72461
P,2010,PES,P1,4/18/10,0.02502,63,33,3,30,2,5,0.9091,0.4000,0.0909,17.2,0.0,0.0,0,5921.58,15.5,55.2,320,20.64516129,1.8,152,6.1,0.393548387,7,20000,17115,0.022,0.115,0.353,0.51,0,50,8.443,0,0,0,0.000,6,6,1,13,2.195,750,0.008171359,4,3,7,14,2.364,1375,0.014980825,27,4.559,0.0232,0.069,0.001,0.13,0.003,0.0006863,0.0000326,0.0000545,,,29.59876,22.72461
H,2010,PES,P1,5/7/10,0.02502,63,29,16,13,14,30,0.4483,0.4667,0.5517,29.4,3.6,0.0,0.12,5921.58,15.5,55.2,267.5,17.25806452,0.1,140,31.5,2.032258065,5.8,18660,12040,0.022,0.115,0.353,0.51,0,50,8.443,0,0,0,0.000,6,6,1,13,2.195,750,0.008171359,4,3,7,14,2.364,1375,0.014980825,27,4.559,0.0232,0.069,0.001,0.13,0.003,0.0006863,0.0001743,0.0003269,,,29.59876,22.72461
T,2011,PES,P1,4/20/11,0.02502,72,27,11,16,1,12,0.5926,0.0833,0.4074,18.0,6.0,0.0,0,5921.58,14,48.6,297,21.21428571,0.2,155,16.5,1.178571429,4,20000,17405,0.057,0.135,0.613,0.195,0,94,16.60777385,27,26,53,8.950,6,5,5,16,2.702,1275,0.015378492,1,3,6,10,1.689,1150,0.013870797,79,13.340,0.029,0.28,0.007,0.36,0.003,0.000868432,0.000325662,0.0001447,225,0.037996616,29.59876,22.72461
S,2011,PES,P1,4/20/11,0.02502,72,27,13,14,3,16,0.5185,0.1875,0.4815,3.1,2.1,1.0,0,5921.58,14,48.6,297,21.21428571,0.2,155,16.5,1.178571429,4,20000,17405,0.057,0.135,0.613,0.195,0,94,16.60777385,27,26,53,8.950,6,5,5,16,2.702,1275,0.015378492,1,3,6,10,1.689,1150,0.013870797,79,13.340,0.029,0.28,0.007,0.36,0.003,0.000868432,0.000325662,0.0001930,130,0.0219536,29.59876,22.72461
C,2011,PES,P1,4/26/11,0.02502,72,38,14,24,2,16,0.6316,0.125,0.3684,32.6,7.8,0.1,0.05,5921.58,14,48.6,299,21.35714286,1.7,169,19,1.357142857,6.5,20000,20000,0.057,0.135,0.613,0.195,0,94,16.60777385,27,26,53,8.950,6,5,5,16,2.702,1275,0.015378492,1,3,6,10,1.689,1150,0.013870797,79,13.340,0.029,0.28,0.007,0.36,0.003,0.000868432,0.000458339,0.0001930,150,0.025331077,29.59876,22.72461
K,2011,PES,P1,4/26/11,0.02502,72,38,20,18,7,27,0.4737,0.2593,0.5263,14.5,8.5,0.0,0.05,5921.58,14,48.6,299,21.35714286,1.7,169,19,1.357142857,6.5,20000,20000,0.057,0.135,0.613,0.195,0,94,16.60777385,27,26,53,8.950,6,5,5,16,2.702,1275,0.015378492,1,3,6,10,1.689,1150,0.013870797,79,13.340,0.029,0.28,0.007,0.36,0.003,0.000868432,0.000458339,0.0003257,198,0.033437022,29.59876,22.72461
B,2011,PES,P1,4/29/11,0.02502,72,41,16,25,0,16,0.6098,0,0.3902,56.4,14.2,2.9,0,5921.58,14,48.6,318,22.71428571,1.4,140,17.5,1.25,6,20000,20000,0.057,0.135,0.613,0.195,0,94,16.60777385,27,26,53,8.950,6,5,5,16,2.702,1275,0.015378492,1,3,6,10,1.689,1150,0.013870797,79,13.340,0.029,0.28,0.007,0.36,0.003,0.000868432,0.000494524,0.0001930,135,0.022797969,29.59876,22.72461
A,2011,PES,P1,4/29/11,0.02502,72,40,13,27,3,16,0.675,0.1875,0.325,48.3,17.3,4.4,0,5921.58,14,48.6,318,22.71428571,1.4,140,17.5,1.25,6,20000,20000,0.057,0.135,0.613,0.195,0,94,16.60777385,27,26,53,8.950,6,5,5,16,2.702,1275,0.015378492,1,3,6,10,1.689,1150,0.013870797,79,13.340,0.029,0.28,0.007,0.36,0.003,0.000868432,0.000482462,0.0001930,185,0.031241662,29.59876,22.72461
U,2011,PES,P1,5/2/11,0.02502,72,41,14,27,1,15,0.6585,0.0667,0.3415,5.0,0.0,0.0,0,5921.58,14,48.6,340,24.28571429,1.4,140,16,1.142857143,6,15095,12000,0.057,0.135,0.613,0.195,0,94,16.60777385,27,26,53,8.950,6,5,5,16,2.702,1275,0.015378492,1,3,6,10,1.689,1150,0.013870797,79,13.340,0.029,0.28,0.007,0.36,0.003,0.000868432,0.000494524,0.0001809,200,0.03377477,29.59876,22.72461
M,2011,PES,P1,5/2/11,0.02502,72,41,14,27,1,15,0.6585,0.0667,0.3415,50.9,34.8,2.1,0,5921.58,14,48.6,340,24.28571429,1.4,140,16,1.142857143,6,15095,12000,0.057,0.135,0.613,0.195,0,94,16.60777385,27,26,53,8.950,6,5,5,16,2.702,1275,0.015378492,1,3,6,10,1.689,1150,0.013870797,79,13.340,0.029,0.28,0.007,0.36,0.003,0.000868432,0.000494524,0.0001809,210,0.035463508,29.59876,22.72461
I,2011,PES,P1,5/5/11,0.02502,72,41,18,23,6,24,0.561,0.25,0.439,11.7,5.7,0.1,0,5921.58,14,48.6,362,25.85714286,1.55,155,17,1.214285714,6.75,18405,12065,0.057,0.135,0.613,0.195,0,94,16.60777385,27,26,53,8.950,6,5,5,16,2.702,1275,0.015378492,1,3,6,10,1.689,1150,0.013870797,79,13.340,0.029,0.28,0.007,0.36,0.003,0.000868432,0.000494524,0.0002895,152,0.025668825,29.59876,22.72461
G,2011,PES,P1,5/5/11,0.02502,72,45,20,25,12,32,0.5556,0.375,0.4444,27.6,1.6,0.1,0,5921.58,14,48.6,362,25.85714286,1.55,155,17,1.214285714,6.75,18405,12065,0.057,0.135,0.613,0.195,0,94,16.60777385,27,26,53,8.950,6,5,5,16,2.702,1275,0.015378492,1,3,6,10,1.689,1150,0.013870797,79,13.340,0.029,0.28,0.007,0.36,0.003,0.000868432,0.00054277,0.0003860,140,0.023642339,29.59876,22.72461
R,2012,PES,P1,4/18/12,0.02502,32,20,9,11,3,12,0.55,0.25,0.45,15.1,0.5,0,,5921.58,14.5,48.2,396.5,27.34482759,0.6,,13.5,0.931034483,5.5,20000,13625,0.27,0.128,0.558,0.292,0.005,475,80.21507773,4,0,4,0.675495391,17,15,5,37,6.248332371,2300,0.026786886,5,0,1,6,1.013243087,275,0.00320278,47,7.937070849,0.029989666,0.141,0.055,0.234,0,0.005403963,0.003377477,0.002026486,125,0.021109231,29.37923,21.74127
I,2012,PES,P1,5/10/12,0.02502,32,10,1,9,10,11,0.9,0.9091,0.1,12.4,6.1,0.2,,5921.58,14.5,48.2,488,33.65517241,0.15,,14,0.965517241,5,20000,20000,0.27,0.128,0.558,0.292,0.005,475,80.21507773,4,0,4,0.675495391,17,15,5,37,6.248332371,2300,0.026786886,5,0,1,6,1.013243087,275,0.00320278,47,7.937070849,0.029989666,0.141,0.055,0.234,0,0.005403963,0.001688738,0.001857612,75,0.012665539,29.37923,21.74127
M,2012,PES,P1,5/13/12,0.02502,32,9,8,1,1,9,0.1111,0.1111,0.8889,53.6,37.1,2.2,,5921.58,14.5,48.2,475,32.75862069,0.85,,14,0.965517241,7,20000,20000,0.27,0.128,0.558,0.292,0.005,475,80.21507773,4,0,4,0.675495391,17,15,5,37,6.248332371,2300,0.026786886,5,0,1,6,1.013243087,275,0.00320278,47,7.937070849,0.029989666,0.141,0.055,0.234,0,0.005403963,0.001519865,0.001519865,135,0.022797969,29.37923,21.74127
A,2010,WEN,W10,4/24/10,0.00104,140,78,45,33,13,58,0.4231,0.2241,0.5769,46.7,16.7,5.1,0.005,7597.1,47.5,102.6,2725,57.36842105,2.5,615,16.5,0.347368421,6.3,20000,20000,0.1864,0.5682,0.241,0.0045,0,554,72.924,0,0,0,0.000,9,3,4,16,2.106,1050,0.0029097,3,1,2,6,0.790,450,0.001247014,22,2.896,0.0042,0.058,0.033,0.001,0,0.0003851,0.0001247,0.0001607,,,47.53191,42.31903
B,2010,WEN,W10,4/25/10,0.00104,140,71,27,44,8,35,0.6197,0.2286,0.3803,55.0,13.8,2.0,0,7597.1,47.5,102.6,2440,51.36842105,1.6,500,7.8,0.164210526,6.5,20000,20000,0.1864,0.5682,0.241,0.0045,0,554,72.924,0,0,0,0.000,9,3,4,16,2.106,1050,0.0029097,3,1,2,6,0.790,450,0.001247014,22,2.896,0.0042,0.058,0.033,0.001,0,0.0003851,0.0000748,0.0000970,,,47.53191,42.31903
C,2010,WEN,W10,4/25/10,0.00104,140,69,18,51,1,19,0.7391,0.0526,0.2609,25.9,3.4,0.0,0,7597.1,47.5,102.6,2440,51.36842105,1.6,500,7.8,0.164210526,6.5,20000,20000,0.1864,0.5682,0.241,0.0045,0,554,72.924,0,0,0,0.000,9,3,4,16,2.106,1050,0.0029097,3,1,2,6,0.790,450,0.001247014,22,2.896,0.0042,0.058,0.033,0.001,0,0.0003851,0.0000498,0.0000527,,,47.53191,42.31903
D,2010,WEN,W10,4/26/10,0.00104,140,71,41,30,29,70,0.4225,0.4143,0.5775,34.0,15.1,0.2,0.57,7597.1,47.5,102.6,2215,46.63157895,0.8,255,15.5,0.326315789,7.5,20000,18645,0.1864,0.5682,0.241,0.0045,0,554,72.924,0,0,0,0.000,9,3,4,16,2.106,1050,0.0029097,3,1,2,6,0.790,450,0.001247014,22,2.896,0.0042,0.058,0.033,0.001,0,0.0003851,0.0001136,0.0001940,,,47.53191,42.31903
E,2010,WEN,W10,4/26/10,0.00104,140,69,25,44,3,28,0.6377,0.1071,0.3623,15.0,0.0,0.0,0.57,7597.1,47.5,102.6,2215,46.63157895,0.8,255,15.5,0.326315789,7.5,20000,18645,0.1864,0.5682,0.241,0.0045,0,554,72.924,0,0,0,0.000,9,3,4,16,2.106,1050,0.0029097,3,1,2,6,0.790,450,0.001247014,22,2.896,0.0042,0.058,0.033,0.001,0,0.0003851,0.0000692,0.0000776,,,47.53191,42.31903
F,2010,WEN,W10,4/26/10,0.00104,140,69,22,47,18,40,0.6812,0.4500,0.3188,2.0,0.0,0.0,0.57,7597.1,47.5,102.6,2215,46.63157895,0.8,255,15.5,0.326315789,7.5,20000,18645,0.1864,0.5682,0.241,0.0045,0,554,72.924,0,0,0,0.000,9,3,4,16,2.106,1050,0.0029097,3,1,2,6,0.790,450,0.001247014,22,2.896,0.0042,0.058,0.033,0.001,0,0.0003851,0.0000609,0.0001108,,,47.53191,42.31903
G,2010,WEN,W10,4/30/10,0.00104,140,80,39,41,4,43,0.5125,0.0930,0.4875,26.3,1.3,0.2,0.005,7597.1,47.5,102.6,2150,45.26315789,4.8,315,11.3,0.237894737,7.3,20000,20000,0.1864,0.5682,0.241,0.0045,0,554,72.924,0,0,0,0.000,9,3,4,16,2.106,1050,0.0029097,3,1,2,6,0.790,450,0.001247014,22,2.896,0.0042,0.058,0.033,0.001,0,0.0003851,0.000108,0.0001192,,,47.53191,42.31903
H,2010,WEN,W10,4/30/10,0.00104,140,80,19,61,3,22,0.7625,0.1364,0.2375,29.4,3.6,0.6,0.005,7597.1,47.5,102.6,2150,45.26315789,4.8,315,11.3,0.237894737,7.3,20000,20000,0.1864,0.5682,0.241,0.0045,0,554,72.924,0,0,0,0.000,9,3,4,16,2.106,1050,0.0029097,3,1,2,6,0.790,450,0.001247014,22,2.896,0.0042,0.058,0.033,0.001,0,0.0003851,0.0000526,0.0000610,,,47.53191,42.31903
I,2010,WEN,W10,5/6/10,0.00104,140,103,30,73,4,34,0.7087,0.1176,0.2913,9.3,5.3,1.0,0,7597.1,47.5,102.6,1700,35.78947368,0.4,495,18.5,0.389473684,8,20000,15785,0.1864,0.5682,0.241,0.0045,0,554,72.924,0,0,0,0.000,9,3,4,16,2.106,1050,0.0029097,3,1,2,6,0.790,450,0.001247014,22,2.896,0.0042,0.058,0.033,0.001,0,0.0003851,0.0000831,0.0000942,,,47.53191,42.31903
J,2010,WEN,W10,5/6/10,0.00104,140,103,47,56,20,67,0.5437,0.2985,0.4563,5.5,4.6,0.3,0,7597.1,47.5,102.6,1700,35.78947368,0.4,495,18.5,0.389473684,8,20000,15785,0.1864,0.5682,0.241,0.0045,0,554,72.924,0,0,0,0.000,9,3,4,16,2.106,1050,0.0029097,3,1,2,6,0.790,450,0.001247014,22,2.896,0.0042,0.058,0.033,0.001,0,0.0003851,0.0001302,0.0001857,,,47.53191,42.31903
K,2010,WEN,W10,5/6/10,0.00104,140,104,61,43,11,72,0.4135,0.1528,0.5865,8.0,4.0,0.0,0,7597.1,47.5,102.6,1700,35.78947368,0.4,495,18.5,0.389473684,8,20000,15785,0.1864,0.5682,0.241,0.0045,0,554,72.924,0,0,0,0.000,9,3,4,16,2.106,1050,0.0029097,3,1,2,6,0.790,450,0.001247014,22,2.896,0.0042,0.058,0.033,0.001,0,0.0003851,0.000169,0.0001995,,,47.53191,42.31903
D,2010,WEN,W9,4/19/10,0.00321,106,64,40,24,22,62,0.3750,0.3548,0.6250,34.0,15.1,2.1,0,17454.74,47,66.8,1675,35.63829787,0.1,390,11,0.234042553,8,20000,18175,0.062,0.22,0.651,0.067,0,173,9.912,6,7,13,0.745,8,10,17,35,2.005,3500,0.004266352,1,3,10,14,0.802,1750,0.002133176,62,3.552,0.0064,0.019,0.018,0.004,0.005,0.0001316,0.0000487,0.0000756,,,67.63977,36.58719
A,2010,WEN,W9,4/20/10,0.00321,106,58,12,46,7,19,0.7931,0.3684,0.2069,46.7,16.7,0.5,0.07,17454.74,47,66.8,2915,62.0212766,0.4,106,13.9,0.295744681,7.5,12220,7760,0.062,0.22,0.651,0.067,0,173,9.912,6,7,13,0.745,8,10,17,35,2.005,3500,0.004266352,1,3,10,14,0.802,1750,0.002133176,62,3.552,0.0064,0.019,0.018,0.004,0.005,0.0001316,0.0000146,0.0000232,,,67.63977,36.58719
M,2010,WEN,W9,4/20/10,0.00321,106,58,9,49,6,15,0.8448,0.4000,0.1552,49.5,33.5,0.5,0.07,17454.74,47,66.8,2915,62.0212766,0.4,106,13.9,0.295744681,7.5,12220,7760,0.062,0.22,0.651,0.067,0,173,9.912,6,7,13,0.745,8,10,17,35,2.005,3500,0.004266352,1,3,10,14,0.802,1750,0.002133176,62,3.552,0.0064,0.019,0.018,0.004,0.005,0.0001316,0.0000109,0.0000183,,,67.63977,36.58719
B,2010,WEN,W9,4/24/10,0.00321,106,67,11,56,9,20,0.8358,0.4500,0.1642,55.0,13.8,0.0,0.005,17454.74,47,66.8,3755,79.89361702,0.8,320,13,0.276595745,7,16850,15290,0.062,0.22,0.651,0.067,0,173,9.912,6,7,13,0.745,8,10,17,35,2.005,3500,0.004266352,1,3,10,14,0.802,1750,0.002133176,62,3.552,0.0064,0.019,0.018,0.004,0.005,0.0001316,0.0000134,0.0000244,,,67.63977,36.58719
N,2010,WEN,W9,4/25/10,0.00321,106,67,12,55,25,37,0.8209,0.6757,0.1791,17.7,1.7,0.0,0,17454.74,47,66.8,3450,73.40425532,0,320,13,0.276595745,7,20000,20000,0.062,0.22,0.651,0.067,0,173,9.912,6,7,13,0.745,8,10,17,35,2.005,3500,0.004266352,1,3,10,14,0.802,1750,0.002133176,62,3.552,0.0064,0.019,0.018,0.004,0.005,0.0001316,0.0000146,0.0000451,,,67.63977,36.58719
K,2010,WEN,W9,4/26/10,0.00321,106,67,18,49,8,26,0.7313,0.3077,0.2687,8.0,4.0,0.0,0.57,17454.74,47,66.8,3275,69.68085106,0.2,330,11,0.234042553,7,10575,5110,0.062,0.22,0.651,0.067,0,173,9.912,6,7,13,0.745,8,10,17,35,2.005,3500,0.004266352,1,3,10,14,0.802,1750,0.002133176,62,3.552,0.0064,0.019,0.018,0.004,0.005,0.0001316,0.0000219,0.0000317,,,67.63977,36.58719
H,2010,WEN,W9,4/27/10,0.00321,106,78,13,65,7,20,0.8333,0.3500,0.1667,29.4,3.6,0.6,0.05,17454.74,47,66.8,3125,66.4893617,0.2,330,11,0.234042553,7,10575,5110,0.062,0.22,0.651,0.067,0,173,9.912,6,7,13,0.745,8,10,17,35,2.005,3500,0.004266352,1,3,10,14,0.802,1750,0.002133176,62,3.552,0.0064,0.019,0.018,0.004,0.005,0.0001316,0.0000258,0.0000244,,,67.63977,36.58719
D,2010,WEN,W9,5/12/10,0.00321,106,74,52,22,27,79,0.2973,0.3418,0.7027,34.0,15.1,2.1,0,17454.74,47,66.8,2625,55.85106383,3,235,24.5,0.521276596,10,20000,20000,0.062,0.22,0.651,0.067,0,173,9.912,6,7,13,0.745,8,10,17,35,2.005,3500,0.004266352,1,3,10,14,0.802,1750,0.002133176,62,3.552,0.0064,0.019,0.018,0.004,0.005,0.0001316,0.0000633,0.0000963,,,67.63977,36.58719
R,2011,WEN,W9,5/4/11,0.00321,78,48,17,31,0,17,0.6458,0,0.3542,14.6,0.1,0.0,0,17454.74,64.3,86,1970,30.63763608,1.75,209,16.5,0.256609642,7.75,20000,20000,0.134,0.239,0.411,0.194,0.022,279,15.984,24,18,42,2.406,34,22,18,74,4.24,5200,0.004633109,4,10,9,23,1.318,1950,0.001737416,97,5.557,0.0064,0.088,0.009,0.03,0.002,0.0000695,0.0000428,0.0000151,225,0.012890481,67.63977,36.58719
T,2011,WEN,W9,5/8/11,0.00321,78,53,16,37,4,20,0.6981,0.2,0.3019,18.0,6.0,0.0,0,17454.74,64.3,86,2525,39.26905132,4.9,243,16,0.248833593,7.25,20000,20000,0.134,0.239,0.411,0.194,0.022,279,15.984,24,18,42,2.406,34,22,18,74,4.24,5200,0.004633109,4,10,9,23,1.318,1950,0.001737416,97,5.557,0.0064,0.088,0.009,0.03,0.002,0.0000695,0.0000472,0.0000178,310,0.017760219,67.63977,36.58719
C,2011,WEN,W9,5/8/11,0.00321,78,52,19,33,3,22,0.6346,0.1364,0.3654,32.6,7.8,1.0,0,17454.74,64.3,86,2525,39.26905132,4.9,243,16,0.248833593,7.25,20000,20000,0.134,0.239,0.411,0.194,0.022,279,15.984,24,18,42,2.406,34,22,18,74,4.24,5200,0.004633109,4,10,9,23,1.318,1950,0.001737416,97,5.557,0.0064,0.088,0.009,0.03,0.002,0.0000695,0.0000463,0.0000196,240,0.013749847,67.63977,36.58719
H,2011,WEN,W9,5/10/11,0.00321,78,57,13,44,9,22,0.7719,0.4091,0.2281,29.8,4.0,0.7,0,17454.74,64.3,86,2975,46.26749611,1.25,187.5,18,0.279937792,7.75,20000,20000,0.134,0.239,0.411,0.194,0.022,279,15.984,24,18,42,2.406,34,22,18,74,4.24,5200,0.004633109,4,10,9,23,1.318,1950,0.001737416,97,5.557,0.0064,0.088,0.009,0.03,0.002,0.0000695,0.0000508,0.0000196,215,0.012317571,67.63977,36.58719
G,2011,WEN,W9,5/10/11,0.00321,78,57,7,50,3,10,0.8772,0.3,0.1228,27.6,1.6,0.0,0,17454.74,64.3,86,2975,46.26749611,1.25,187.5,18,0.279937792,7.75,20000,20000,0.134,0.239,0.411,0.194,0.022,279,15.984,24,18,42,2.406,34,22,18,74,4.24,5200,0.004633109,4,10,9,23,1.318,1950,0.001737416,97,5.557,0.0064,0.088,0.009,0.03,0.002,0.0000695,0.0000508,0.0000089,195,0.01117175,67.63977,36.58719
B,2011,WEN,W9,5/11/11,0.00321,78,52,9,43,3,12,0.8269,0.25,0.1731,56.4,14.2,0.1,0,17454.74,64.3,86,3500,54.43234837,1.55,125,12.5,0.194401244,6.75,20000,18170,0.134,0.239,0.411,0.194,0.022,279,15.984,24,18,42,2.406,34,22,18,74,4.24,5200,0.004633109,4,10,9,23,1.318,1950,0.001737416,97,5.557,0.0064,0.088,0.009,0.03,0.002,0.0000695,0.0000463,0.0000107,250,0.014322757,67.63977,36.58719
M,2011,WEN,W9,5/11/11,0.00321,78,54,20,34,6,26,0.6296,0.2308,0.3704,50.9,34.8,0.6,0,17454.74,64.3,86,3500,54.43234837,1.55,125,12.5,0.194401244,6.75,20000,18170,0.134,0.239,0.411,0.194,0.022,279,15.984,24,18,42,2.406,34,22,18,74,4.24,5200,0.004633109,4,10,9,23,1.318,1950,0.001737416,97,5.557,0.0064,0.088,0.009,0.03,0.002,0.0000695,0.0000481,0.0000232,290,0.016614398,67.63977,36.58719
I,2011,WEN,W9,5/11/11,0.00321,78,52,8,44,4,12,0.8462,0.3333,0.1538,11.7,5.7,0.1,0,17454.74,64.3,86,3500,54.43234837,1.55,125,12.5,0.194401244,6.75,20000,18170,0.134,0.239,0.411,0.194,0.022,279,15.984,24,18,42,2.406,34,22,18,74,4.24,5200,0.004633109,4,10,9,23,1.318,1950,0.001737416,97,5.557,0.0064,0.088,0.009,0.03,0.002,0.0000695,0.0000463,0.0000107,180,0.010312385,67.63977,36.58719
R,2012,WEN,W9,5/8/12,0.00321,35,23,5,18,9,14,0.783,0.643,0.217,15.1,0.5,0.1,,17454.74,65.8,72.1,4060,61.70212766,0.1,,13.5,0.205167173,7.5,20000,20000,0.035,0.0152,0.568,0.225,0.02,330,18.90603928,16,9,25,1.432275703,12,26,35,73,4.182245052,7500,0.006530132,1,0,9,10,0.572910281,1375,0.001197191,108,6.187431036,0.007727323,0.039,0.07,0.017,0.011,0.002005186,0.001317694,0.000802074,174,0.009968639,66.26656,46.66502
H,2012,WEN,W9,5/11/12,0.00321,35,20,1,19,2,3,0.95,0.667,0.05,30.4,4.1,0.8,,17454.74,65.8,72.1,4720,71.7325228,0.35,,12.5,0.189969605,6.5,20000,20000,0.035,0.0152,0.568,0.225,0.02,330,18.90603928,16,9,25,1.432275703,12,26,35,73,4.182245052,7500,0.006530132,1,0,9,10,0.572910281,1375,0.001197191,108,6.187431036,0.007727323,0.039,0.07,0.017,0.011,0.002005186,0.001145821,0.000171873,205,0.011744661,66.26656,46.66502
M,2012,WEN,W9,5/12/12,0.00321,35,24,19,5,10,29,0.208,0.345,0.792,53.6,37.1,0.7,,17454.74,65.8,72.1,4520,68.69300912,0.95,,12,0.182370821,7,20000,20000,0.035,0.0152,0.568,0.225,0.02,330,18.90603928,16,9,25,1.432275703,12,26,35,73,4.182245052,7500,0.006530132,1,0,9,10,0.572910281,1375,0.001197191,108,6.187431036,0.007727323,0.039,0.07,0.017,0.011,0.002005186,0.001374985,0.00166144,242,0.013864429,66.26656,46.66502
